feature,coef_std
log_followers,3.166031284327362
replies_share,0.8325548811241248
median_interval_min,0.39404580569675257
media_share,0.24949979861629556
originals_share,-0.07653785095164088
posts_per_day,-0.5361987057263802
