feature,coef_std
media_share,0.2680583073161496
median_interval_min,0.2567829077250342
originals_share,0.10775757994523785
replies_share,0.10265619808264013
posts_per_day,-0.050553113811829975
log_followers,-0.19245986765871217
